298.15,298.15,298.15,298.15,298.15,298.15,298.15,298.15,298.15,298.15,298.15,298.15,298.15,298.15,298.15,298.15,298.15,298.15,298.15,298.15,298.15,298.15,298.15,298.15,298.15,298.15,298.15,298.15,298.15,298.15,298.15,298.15,298.15,298.15,298.15,298.15,298.15,298.15,298.15,298.15,298.15,298.15,298.15,298.15,298.15,298.15,298.15,298.15,298.15,298.15,298.15,298.15,298.15,298.15,298.15,298.15,298.15,298.15,298.15,298.15,298.15,298.15,298.15,298.15
298.15,298.15,298.15,298.15,298.15,298.15,298.15,298.15,298.15,298.15,298.15,298.15,298.15,298.15,298.15,298.15,298.15,298.15,298.15,298.15,298.15,298.15,298.15,298.15,298.15,298.15,298.15,298.15,298.15,298.15,298.15,298.15,298.15,298.15,298.15,298.15,298.15,298.15,298.15,298.15,298.15,298.15,298.15,298.15,298.15,298.15,298.15,298.15,298.15,298.15,298.15,298.15,298.15,298.15,298.15,298.15,298.15,298.15,298.15,298.15,298.15,298.15,298.15,298.15
298.15,298.15,298.15,298.15,298.15,298.15,298.15,298.15,298.15,298.15,298.15,298.15,298.15,298.15,298.15,298.15,298.15,298.15,298.15,298.15,298.15,298.15,298.15,298.15,298.15,298.15,298.15,298.15,298.15,298.15,298.15,298.15,298.15,298.15,298.15,298.15,298.15,298.15,298.15,298.15,298.15,298.15,298.15,298.15,298.15,298.15,298.15,298.15,298.15,298.15,298.15,298.15,298.15,298.15,298.15,298.15,298.15,298.15,298.15,298.15,298.15,298.15,298.15,298.15
298.15,298.15,298.15,298.15,298.15,298.15,298.15,298.15,298.15,298.15,298.15,298.15,298.15,298.15,298.15,298.15,298.15,298.15,298.15,298.15,298.15,298.15,298.15,298.15,298.15,298.15,298.15,298.15,298.15,298.15,298.15,298.15,298.15,298.15,298.15,298.15,298.15,298.15,298.15,298.15,298.15,298.15,298.15,298.15,298.15,298.15,298.15,298.15,298.15,298.15,298.15,298.15,298.15,298.15,298.15,298.15,298.15,298.15,298.15,298.15,298.15,298.15,298.15,298.15
298.15,298.15,298.15,298.15,298.15,298.15,298.15,298.15,298.15,298.15,298.15,298.15,298.15,298.15,298.15,298.15,298.15,298.15,298.15,298.15,298.15,298.15,298.15,298.15,298.150000000001,298.150000000001,298.150000000001,298.150000000002,298.150000000002,298.150000000001,298.150000000001,298.150000000001,298.150000000001,298.150000000001,298.150000000001,298.150000000002,298.150000000003,298.150000000003,298.150000000002,298.150000000002,298.150000000002,298.150000000001,298.150000000001,298.150000000002,298.150000000003,298.150000000002,298.15,298.15,298.15,298.15,298.15,298.15,298.15,298.15,298.15,298.15,298.15,298.15,298.15,298.15,298.15,298.15,298.15,298.15
298.15,298.15,298.15,298.15,298.15,298.15,298.15,298.15,298.15,298.15,298.15,298.15,298.15,298.15,298.15,298.15,298.15,298.15,298.15,298.15,298.15,298.15,298.150000000001,298.150000000006,298.150000000011,298.150000000009,298.150000000008,298.150000000006,298.150000000005,298.150000000005,298.150000000008,298.15000000001,298.150000000016,298.150000000015,298.150000000012,298.15000000001,298.15000000001,298.150000000011,298.150000000018,298.150000000027,298.150000000032,298.150000000017,298.15000000001,298.150000000012,298.150000000009,298.150000000009,298.150000000008,298.150000000005,298.150000000002,298.15,298.15,298.15,298.15,298.15,298.15,298.15,298.15,298.15,298.15,298.15,298.15,298.15,298.15,298.15
298.15,298.15,298.15,298.15,298.15,298.15,298.15,298.15,298.15,298.15,298.15,298.15,298.15,298.15,298.15,298.15,298.15,298.15,298.149999999999,298.149999999997,298.15,298.15000000001,298.15000000003,298.150000000029,298.15000000003,298.150000000034,298.150000000057,298.1500000001,298.150000000131,298.150000000091,298.150000000063,298.150000000041,298.15000000004,298.150000000053,298.15000000012,298.15000000029,298.15000000035,298.150000000298,298.150000000273,298.150000000226,298.150000000154,298.150000000057,298.149999999977,298.150000000115,298.150000000223,298.150000000118,298.150000000018,298.150000000004,298.150000000004,298.150000000002,298.150000000003,298.150000000001,298.15,298.15,298.15,298.15,298.15,298.15,298.15,298.15,298.15,298.15,298.15,298.15
298.15,298.15,298.15,298.15,298.15,298.15,298.15,298.15,298.15,298.15,298.15,298.15,298.15,298.15,298.15,298.15,298.15,298.150000000001,298.149999999996,298.149999999973,298.149999999943,298.149999999896,298.149999999914,298.150000000582,298.150000001238,298.150000001091,298.15000000113,298.150000001235,298.15000000119,298.150000001213,298.150000001533,298.150000001841,298.150000001795,298.15000000184,298.150000001458,298.1500000018,298.150000002154,298.150000002753,298.15000000339,298.150000004162,298.150000003791,298.149999998959,298.149999998662,298.149999999539,298.150000001007,298.150000001931,298.150000001106,298.150000000729,298.149999999916,298.149999999943,298.150000000001,298.149999999998,298.15,298.15,298.15,298.15,298.15,298.15,298.15,298.15,298.15,298.15,298.15,298.15
298.15,298.15,298.15,298.15,298.15,298.15,298.15,298.15,298.15,298.15,298.15,298.15,298.15,298.150000000001,298.15,298.150000000002,298.149999999996,298.149999999973,298.149999999863,298.149999999571,298.149999999328,298.149999999509,298.150000003993,298.150000004911,298.15000000193,298.15000000538,298.150000009276,298.150000014755,298.150000011625,298.150000012002,298.150000011282,298.150000011552,298.1500000132,298.150000020939,298.150000027137,298.150000027003,298.150000023468,298.150000021675,298.150000020759,298.150000026217,298.150000026459,298.149999997734,298.149999958926,298.150000013021,298.150000031067,298.150000021742,298.150000008821,298.150000004316,298.150000000742,298.149999999037,298.150000000226,298.150000000019,298.15,298.15,298.15,298.15,298.15,298.15,298.15,298.15,298.15,298.15,298.15,298.15
298.15,298.15,298.15,298.15,298.15,298.15,298.15,298.15,298.15,298.15,298.15,298.15,298.150000000003,298.150000000004,298.149999999992,298.149999999986,298.149999999988,298.15000000031,298.150000000572,298.149999999673,298.149999999754,298.150000005256,298.150000033379,298.150000070501,298.150000033848,298.150000019889,298.150000020866,298.150000060592,298.150000115462,298.150000161837,298.150000165007,298.150000122887,298.150000096176,298.150000078801,298.15000009123,298.150000145188,298.150000226766,298.150000304309,298.1500002806,298.150000168083,298.150000110423,298.14999988339,298.149999823584,298.150000218509,298.15000012465,298.150000123802,298.150000102476,298.150000032863,298.150000002793,298.150000003551,298.150000000349,298.15000000005,298.150000000021,298.150000000004,298.149999999998,298.15,298.15,298.15,298.15,298.15,298.15,298.15,298.15,298.15
298.15,298.15,298.15,298.15,298.15,298.15,298.15,298.15,298.15,298.150000000001,298.150000000001,298.150000000003,298.150000000004,298.149999999985,298.150000000141,298.150000000653,298.150000001985,298.15000000309,298.15000000598,298.149999984942,298.149999990174,298.150000045332,298.150000264673,298.150000530739,298.150000893156,298.150001272133,298.150001318812,298.15000115897,298.150001025051,298.150001107217,298.15000143258,298.150001708846,298.150002293291,298.150002142686,298.1500017621,298.150001601048,298.150001543919,298.150001636606,298.150001929937,298.150002441872,298.150003013903,298.150002124274,298.150002142508,298.15000157791,298.150001425627,298.150001606651,298.150000583355,298.150000117576,298.149999828764,298.149999996895,298.15000000067,298.149999999828,298.14999999995,298.150000000004,298.150000000008,298.150000000003,298.15,298.15,298.15,298.15,298.15,298.15,298.15,298.15
298.15,298.15,298.15,298.15,298.15,298.15,298.15,298.15,298.15,298.149999999999,298.149999999996,298.150000000014,298.150000000147,298.150000000349,298.150000001189,298.150000002333,298.149999990348,298.150000036984,298.1499999872,298.150000366825,298.150001263704,298.150003232998,298.150003570657,298.150004091438,298.150005493773,298.150006166781,298.150008061547,298.150012000717,298.150017196106,298.150015911978,298.150013927611,298.150012555788,298.150011363439,298.150013379695,298.150015478033,298.150021318996,298.150028701678,298.150027866247,298.150024120416,298.150023343145,298.150021117795,298.150020964065,298.150027453404,298.150027770552,298.150014477364,298.150004061922,298.150002075866,298.149999876019,298.149999338947,298.150000026879,298.150000027854,298.150000011064,298.150000002113,298.149999999887,298.149999999962,298.149999999996,298.15,298.15,298.15,298.15,298.15,298.15,298.15,298.15
298.15,298.15,298.15,298.15,298.15,298.15,298.15,298.15,298.150000000001,298.150000000009,298.15000000004,298.150000000082,298.149999999801,298.149999999972,298.150000002991,298.149999990468,298.149999984906,298.150000172256,298.150001233045,298.149998276886,298.150007892279,298.150022214711,298.150034484313,298.150056080689,298.15009829059,298.150093870001,298.150090539467,298.150092530566,298.150096137111,298.150101260062,298.150124975397,298.150165884404,298.150204557087,298.150179410992,298.1501413972,298.150143882286,298.15015320727,298.150175021403,298.150237993041,298.150326748801,298.150363461482,298.150239226541,298.150181285917,298.150158988837,298.150167485444,298.150078156712,298.150040184036,298.149986740372,298.14999662182,298.150001001248,298.149999818078,298.149999991395,298.149999999899,298.150000000705,298.150000000185,298.15000000004,298.150000000003,298.15,298.15,298.15,298.15,298.15,298.15,298.15
298.15,298.15,298.15,298.15,298.15,298.15,298.15,298.15,298.15,298.149999999993,298.149999999927,298.149999999686,298.150000007933,298.150000038513,298.150000102172,298.150000404615,298.150001262807,298.150011360747,298.150101399523,298.150013496167,298.150389744831,298.150459717251,298.150427262474,298.15051188794,298.150544390707,298.150559879288,298.150721204244,298.151124376524,298.151631166586,298.151396087304,298.15129756853,298.151120727646,298.151104806726,298.151209774439,298.151366331392,298.151910709533,298.152612978453,298.152302833635,298.152162134991,298.152041805849,298.152060200152,298.152187708397,298.152823918844,298.153037220462,298.151914489065,298.151019876913,298.150279183662,298.149957719219,298.149979126358,298.15000173056,298.150001230953,298.150000293457,298.150000019601,298.149999998037,298.14999999969,298.14999999998,298.150000000004,298.150000000002,298.150000000001,298.15,298.15,298.15,298.15,298.15
298.15,298.15,298.15,298.15,298.15,298.15,298.15,298.149999999998,298.150000000008,298.150000000151,298.150000000652,298.150000001917,298.150000002283,298.149999931165,298.149999324878,298.1500073358,298.150012461094,298.150066905563,298.150295169384,298.149104996341,298.153332741086,298.153441911226,298.153973114393,298.156411079249,298.158502256601,298.158568485877,298.157831080962,298.158742511768,298.158900425877,298.158865210834,298.161885824972,298.164349045635,298.169236010915,298.165866786786,298.162884500188,298.162910803334,298.163195079552,298.166362986241,298.171266688752,298.179367484486,298.18351016999,298.176260364339,298.16892746719,298.164995885128,298.165582098285,298.17273567233,298.14841612358,298.14871643148,298.149937267838,298.15000793624,298.149995437502,298.149999717593,298.150000037971,298.150000008713,298.150000003071,298.150000000829,298.150000000049,298.14999999999,298.149999999998,298.15,298.15,298.15,298.15,298.15
298.15,298.15,298.15,298.15,298.15,298.15,298.15,298.150000000003,298.150000000014,298.149999999761,298.149999998036,298.149999994885,298.150000083873,298.150000667516,298.150003780977,298.150012343728,298.149964236959,298.150582283795,298.146981258365,298.184735246837,298.195369621145,298.194100576323,298.198962196667,298.199090425005,298.198112639948,298.203234314036,298.214629124865,298.252270510599,298.291467999886,298.280648327749,298.263863988523,298.249642304829,298.252642727831,298.257194449926,298.277312766416,298.320862862037,298.374621945732,298.362654130756,298.343212664524,298.335092286676,298.338669679033,298.361230348028,298.386507868805,298.420204598313,298.359652227799,298.226054366046,298.122558955793,298.148886462025,298.149770507823,298.150039284743,298.150017204079,298.150002997896,298.150000318631,298.149999988597,298.149999989847,298.149999999071,298.150000000065,298.150000000029,298.150000000004,298.15,298.15,298.15,298.15,298.15
298.15,298.15,298.15,298.15,298.15,298.15,298.150000000001,298.150000000008,298.149999999967,298.150000000522,298.150000011182,298.150000043167,298.150000046057,298.149999427138,298.149996895367,298.149935892099,298.148840553716,298.153102881072,298.128162938123,298.29165214175,298.365151344092,298.45327242849,298.514864314122,298.71320319254,298.873970694181,298.893998221456,298.84933762126,298.905521319163,298.951523275819,299.049020729684,299.203123121797,299.455069784893,299.807860482536,299.553904596992,299.382773354689,299.336522299175,299.40271878315,299.6913535446,300.132793490265,300.733142785984,301.070205156599,300.606859924736,300.043131247155,299.677272468349,299.233173526798,298.645858043858,298.022961284959,298.195933224846,298.146074562381,298.149660808407,298.149987915209,298.14999907077,298.150000250762,298.150000281522,298.150000060733,298.150000008374,298.150000000052,298.149999999951,298.149999999995,298.15,298.15,298.15,298.15,298.15
298.15,298.15,298.15,298.15,298.15,298.15,298.150000000002,298.150000000019,298.149999999896,298.150000000638,298.150000009191,298.149999854845,298.150000649395,298.150021460841,298.150122248875,298.150571886086,298.156352073065,303.081406022205,303.24449562092,303.329330279846,303.405134046241,303.499795829682,303.628992149855,303.829317724329,304.16101876934,304.712605179148,305.636291658444,307.197915185193,308.700878619164,309.633845133668,310.232997055036,310.666830814831,311.053533088321,311.495600885698,312.11260960852,313.075406923509,314.658748553678,317.287193278432,320.027517643591,321.63948667491,322.589585965214,323.138052642172,323.443087357666,323.58375603129,323.604917141714,323.515610880336,323.217605071092,322.399055738517,298.189969770034,298.152239711994,298.150503526381,298.150119247124,298.150002884007,298.149998963936,298.14999992588,298.149999998313,298.150000000258,298.150000000112,298.150000000018,298.150000000002,298.15,298.15,298.15,298.15
298.15,298.15,298.15,298.15,298.15,298.15,298.149999999997,298.149999999962,298.149999999929,298.150000007961,298.150000054815,298.150000606001,298.150000550526,298.150001553346,298.149789317396,298.145538897845,298.141934362867,303.246387685138,303.392314034002,303.490192952334,303.575718326344,303.673041606237,303.807898560337,304.017886655518,304.36253221132,304.937208912641,305.893895863182,307.464807849534,309.060243236504,310.015050394847,310.633671190256,311.083035946105,311.485485095942,311.947183292515,312.592753329129,313.595908943457,315.226794041269,318.007647921128,320.75145034253,322.418411326569,323.407692142526,323.978228889077,324.291215116814,324.429800893948,324.429065188204,324.281179332541,323.930759847377,323.26021491841,298.34533880724,298.131764091919,298.148813116452,298.150003668916,298.150009956948,298.150001243915,298.150000180939,298.150000031386,298.150000000251,298.14999999974,298.149999999981,298.15,298.15,298.15,298.15,298.15
298.15,298.15,298.15,298.15,298.15,298.150000000001,298.150000000006,298.150000000054,298.150000000271,298.149999997672,298.149999931934,298.149999143202,298.15000452675,298.150212329435,298.150819255045,298.16888198182,298.229355639145,303.302162077378,303.466077213255,303.574015751508,303.666048229963,303.768235957026,303.908807238995,304.125886133853,304.478430521984,305.06197202726,306.035982978786,307.66939525004,309.247982629761,310.227371416386,310.860003605327,311.319579707232,311.730651811379,312.203131746504,312.863486202117,313.890054865983,315.564669471189,318.31506816625,321.172878841752,322.870284862313,323.874280366433,324.456995999729,324.773943024019,324.907653545016,324.890423997161,324.711508118079,324.313306871935,323.527224553607,299.002698517004,298.252006326042,298.154915162857,298.150197833119,298.14999172272,298.149997365247,298.149999607606,298.149999988172,298.150000001426,298.150000000299,298.150000000041,298.150000000005,298.15,298.15,298.15,298.15
298.15,298.15,298.15,298.15,298.15,298.15,298.149999999994,298.149999999929,298.150000000065,298.150000010631,298.150000137349,298.15000216159,298.150010099264,298.150006953596,298.150899123114,298.188917986191,298.396363667599,303.324151972819,303.49964327253,303.614426096914,303.710896774943,303.816313414454,303.959559465567,304.179902968962,304.538278081434,305.131885913961,306.115860470868,307.719049696808,309.349897902107,310.333774073169,310.975685806532,311.444868503709,311.866502885653,312.351756190119,313.027917890128,314.072774578489,315.758293263953,318.605056893616,321.413884625375,323.132477780159,324.155974059255,324.747643679234,325.065773397946,325.194176456655,325.165959000015,324.96788227213,324.539675251757,323.713079445281,299.491539836796,298.220876608523,298.147636592546,298.149829707583,298.150042389967,298.150007759367,298.150000681998,298.150000064729,298.150000000571,298.149999999529,298.149999999951,298.149999999998,298.15,298.15,298.15,298.15
298.15,298.15,298.15,298.15,298.15,298.150000000001,298.150000000008,298.150000000068,298.150000000369,298.149999997038,298.14999992048,298.149998493181,298.149957707842,298.150584349375,298.151909108837,298.19445934225,298.495745259995,303.326262557269,303.505731705353,303.624234555482,303.723154684856,303.830942957499,303.976844784397,304.199429346066,304.559036252883,305.151707568978,306.13788612372,307.786907356911,309.382437786302,310.378380543814,311.025931986831,311.499775271511,311.926334012176,312.417864571121,313.10317803149,314.162194952208,315.876064117996,318.669435824759,321.567881266993,323.298795592828,324.326865660067,324.92370881094,325.24468197806,325.372428713248,325.337218224918,325.127444329755,324.682120384355,323.839999881043,299.750480052964,298.358837582115,298.154696012216,298.152515932055,298.149923145917,298.149992820011,298.149999572555,298.149999970004,298.150000003151,298.150000000799,298.150000000076,298.150000000005,298.15,298.15,298.15,298.15
298.15,298.15,298.15,298.15,298.15,298.15,298.149999999993,298.149999999926,298.150000000115,298.150000013886,298.150000213507,298.150002103781,298.150008873329,298.150159065925,298.152969978619,298.200534407373,298.595619520842,303.307045071513,303.487207683235,303.60715417028,303.707497162434,303.815594647821,303.961187486793,304.183301695216,304.542871426477,305.136821052967,306.120628829527,307.729287523613,309.365277454295,310.35874092518,311.009895439094,311.489230464616,311.923706088426,312.426459613577,313.126619955703,314.202990646027,315.927215686594,318.808560396933,321.654687263236,323.396199453072,324.437756944991,325.043400351963,325.366593706823,325.493876294924,325.454427739674,325.237787681021,324.78149494829,323.929830236315,300.291171834274,298.365535884113,298.165645510331,298.151500281354,298.15006854578,298.150011947993,298.150002251873,298.150000207806,298.149999992848,298.149999999151,298.149999999952,298.149999999997,298.15,298.15,298.15,298.15
298.15,298.15,298.15,298.15,298.15,298.150000000001,298.150000000005,298.150000000047,298.150000000303,298.149999997735,298.149999946974,298.1500002866,298.150018947191,298.150194442949,298.153683723811,298.192043192908,298.653180532896,303.261761763907,303.440181643741,303.559214411641,303.659435792331,303.76691561167,303.912153782806,304.132978802544,304.488505287341,305.074131527686,306.047366962452,307.677825859329,309.28229896901,310.284506972248,310.936401935155,311.417083594702,311.855215675571,312.365310646065,313.078323731114,314.177046543301,315.944905653978,318.793632841996,321.720916119183,323.47383416857,324.521549936545,325.134420507681,325.463278646929,325.592377429941,325.55205510207,325.331628276294,324.86932363861,324.012463774175,300.714275358096,298.364608340047,298.175494145326,298.151691773921,298.150305683413,298.149970092706,298.149999159774,298.150000039437,298.150000001585,298.150000000054,298.149999999993,298.150000000004,298.15,298.15,298.15,298.15
298.15,298.15,298.15,298.15,298.15,298.15,298.149999999994,298.149999999936,298.150000000729,298.150000021833,298.150000324612,298.15000100627,298.150042521961,298.150347301607,298.156974524235,298.189835539156,298.753718875635,303.176074743956,303.350838892516,303.467951153041,303.566519828696,303.672559983271,303.814987571465,304.031885256943,304.382607900453,304.962129247016,305.923507942587,307.502230494244,309.13376688314,310.122420911979,310.770530865879,311.252718813575,311.698373522632,312.223187418558,312.959483399712,314.090624894667,315.898001294073,318.895296261716,321.755470654976,323.526334478056,324.600055048188,325.22720718394,325.564463653663,325.697736498572,325.658558025158,325.436183485738,324.971091288647,324.110498881502,301.239455075518,298.343420602232,298.184887368613,298.151971832779,298.15037461418,298.150012010457,298.150004046992,298.149999827265,298.149999990732,298.150000000367,298.14999999993,298.150000000002,298.15,298.15,298.15,298.15
298.15,298.15,298.15,298.15,298.15,298.150000000001,298.149999999992,298.150000000059,298.150000000764,298.149999997476,298.150000206764,298.150002372631,298.150053207929,298.150392106743,298.155731895164,298.186742989069,298.68045204813,303.026129936903,303.194728137775,303.309190556304,303.404234568311,303.50860462808,303.6473172177,303.860395842062,304.201175120297,304.765089902154,305.705022854809,307.294781946775,308.865332604047,309.841195176493,310.478164954369,310.956300006066,311.405840156946,311.9437091416,312.706211445262,313.882583771691,315.759936968264,318.764368031624,321.772809162663,323.599323433908,324.703899357061,325.350825906674,325.70148230899,325.840674136203,325.804804481387,325.581044640123,325.113526960657,324.24690500196,301.02424798818,298.356239277987,298.182041704356,298.15226836615,298.150296780448,298.1500157177,298.150001693846,298.149999962132,298.149999996163,298.150000001206,298.149999999974,298.150000000018,298.150000000001,298.15,298.15,298.15
298.15,298.15,298.15,298.15,298.15,298.150000000003,298.14999999999,298.150000000077,298.149999998379,298.150000043607,298.15000029932,298.150004723272,298.150051071825,298.150481973722,298.154785675653,298.192368851734,298.575316190054,302.770291991403,302.930531372458,303.040028006217,303.131319830211,303.232675370693,303.367305734095,303.574852097902,303.905812996996,304.449570057814,305.350232725277,306.84640925408,308.411390306745,309.346559885104,309.960210002853,310.433061240358,310.890643252397,311.45073507764,312.256511175927,313.501275422549,315.482689633474,318.630183931886,321.7863587431,323.712578961895,324.870536696263,325.548239674911,325.915372301651,326.063072936143,326.030698690047,325.806821462852,325.335459906593,324.458968490687,300.576513225389,298.382635417247,298.176069264789,298.152531028731,298.150284911776,298.150025460538,298.150002509355,298.15000019365,298.150000033383,298.150000002439,298.150000000155,298.150000000026,298.150000000002,298.15,298.15,298.15
298.15,298.15,298.15,298.15,298.15,298.150000000004,298.150000000045,298.150000000628,298.150000004375,298.150000077014,298.15000037425,298.150006150749,298.150038046311,298.150498625684,298.153528145762,298.195420965172,298.485458494224,302.335822431297,302.495646095691,302.586694665549,302.686133622959,302.771391271372,302.91343634175,303.102061073767,303.43653109124,303.941170417254,304.782392906893,306.202688131616,307.619755407127,308.505936185998,309.074937381732,309.543076804744,310.006150737522,310.580927019982,311.436982724419,312.767112212168,314.922894792377,318.448650384693,321.878420564092,323.941524814612,325.162528080693,325.885139162739,326.262937678107,326.429162700201,326.39162404539,326.177034329798,325.692066862621,324.808770015889,300.309866772337,298.431933717562,298.172600924257,298.153083394856,298.150243225508,298.150035218794,298.150003389098,298.150000003512,298.1500000289,298.15000000248,298.150000000254,298.15000000002,298.150000000004,298.15,298.15,298.15
298.15,298.15,298.15,298.15,298.150000000001,298.150000000003,298.150000000067,298.150000000407,298.15000000553,298.150000056563,298.150000384669,298.150004967173,298.150033177438,298.150573138119,298.152915331796,298.200913858676,298.436672967484,301.933905534233,302.070615792276,302.167350817633,302.250579587733,302.344244022031,302.469069290981,302.66072947851,302.963190503733,303.45259544971,304.248221083846,305.534743060299,306.835596185992,307.663253403418,308.224692284992,308.676817736088,309.136718371152,309.72801362046,310.604643901381,312.005094703347,314.320850013232,318.193486197917,321.957408855345,324.145487121196,325.443803874462,326.193661099113,326.599001840454,326.765379747343,326.741117496594,326.517345826817,326.038398421867,325.126600352052,300.215883697181,298.503414548391,298.171329982894,298.153913812015,298.150228692012,298.150032170123,298.150001574712,298.150000084521,298.15000004176,298.15000000319,298.150000000404,298.15000000002,298.150000000005,298.15,298.15,298.15
298.15,298.15,298.15,298.15,298.150000000001,298.150000000003,298.150000000043,298.150000000324,298.150000006838,298.150000039179,298.150000317822,298.150004605494,298.150033414992,298.150479579064,298.153138244151,298.191740487683,298.434751778535,301.73250259952,301.862571485217,301.953991226547,302.035545849275,302.124492975995,302.245667365523,302.427197159256,302.717127224387,303.185786146005,303.952463136538,305.209413276629,306.420977863589,307.20524431817,307.749802632512,308.191497832834,308.644742180168,309.236953287917,310.130332757397,311.568414848649,313.964659871513,317.97547352302,321.895930739526,324.200365740208,325.557519382896,326.339235682258,326.758958345771,326.934123452172,326.911924126716,326.689881679063,326.207718131059,325.298570917557,300.292121604271,298.455546401382,298.172280441012,298.153350142066,298.150238587628,298.150027475572,298.15000112937,298.150000377196,298.150000036844,298.150000003666,298.150000000383,298.150000000024,298.150000000005,298.15,298.15,298.15
298.15,298.15,298.15,298.15,298.15,298.150000000003,298.150000000035,298.150000000382,298.150000005056,298.150000036786,298.150000527408,298.150003994251,298.150038396111,298.150360690155,298.153387284552,298.182881340592,298.460807201935,301.676114089944,301.802855293356,301.89325639476,301.972578439965,302.059753987158,302.176090037694,302.351270377684,302.629919011372,303.083622580864,303.828455837968,305.054599345907,306.232267833122,306.98895044818,307.515554621252,307.94533721099,308.395748922389,308.984725054821,309.881206605095,311.328014351832,313.726821856158,317.706636952687,321.779401218781,324.170477813136,325.569841885595,326.371927865067,326.801812169731,326.980986064726,326.961114776358,326.73915926909,326.257361865611,325.353137959671,300.545719538906,298.40253919271,298.175513523971,298.152728440464,298.150272514994,298.150019654362,298.150001501316,298.150000445622,298.150000023319,298.150000002991,298.150000000244,298.150000000028,298.150000000003,298.15,298.15,298.15
298.15,298.15,298.15,298.15,298.15,298.150000000006,298.150000000034,298.150000000593,298.150000004569,298.150000035135,298.150000507023,298.150003478021,298.150047851326,298.150342625167,298.154350158509,298.179839261023,298.52466626631,301.747453493521,301.875319280214,301.968038539898,302.0469650362,302.13360933539,302.245947728082,302.415804505559,302.684425249068,303.125081784209,303.851062905816,305.053090831672,306.211220485905,306.948853439286,307.460481024887,307.877420538754,308.314491477555,308.893862081224,309.777551820446,311.210936188943,313.589297841509,317.549515055724,321.663887314308,324.088803294821,325.50415855688,326.311617857849,326.743219117443,326.921655736862,326.902114979766,326.680023954244,326.200546679691,325.301500326181,300.974291801125,298.369925741115,298.180994388089,298.152346586879,298.150334861093,298.150014754037,298.150001705532,298.150000285867,298.150000019332,298.150000003859,298.15000000019,298.150000000039,298.150000000003,298.15,298.15,298.15
298.15,298.15,298.15,298.15,298.15,298.150000000008,298.150000000029,298.150000000718,298.150000004324,298.150000039543,298.150000428006,298.150003566087,298.150059255876,298.150294489395,298.155349142603,298.177685260606,298.628457093555,301.965032223122,302.101695514981,302.198524339447,302.280997349783,302.366890585393,302.477440079998,302.640595087938,302.900306820721,303.325885868052,304.033426183519,305.21051514777,306.351367610136,307.069721407654,307.561406613788,307.960240760468,308.381265531398,308.940600384164,309.796202758208,311.195589746435,313.531424022451,317.454979316288,321.543561405586,323.95314677482,325.352480292898,326.147323062418,326.568198647983,326.74100056783,326.717830810649,326.496687736618,326.020437056056,325.128721241491,301.554170242495,298.358050430829,298.188106929076,298.152208347974,298.150406452105,298.150009525123,298.150002686024,298.150000221625,298.150000019808,298.150000005236,298.150000000196,298.150000000053,298.150000000003,298.150000000001,298.15,298.15
298.15,298.15,298.15,298.15,298.15,298.150000000007,298.150000000032,298.150000000816,298.150000004881,298.150000063702,298.150000481781,298.150004577399,298.150056514873,298.150371429732,298.15525291163,298.185132932953,298.606416950167,302.388142243913,302.542694547782,302.647225254432,302.738062955297,302.823097311879,302.933982825618,303.088061506196,303.338363083745,303.743328132579,304.428366974116,305.57529802231,306.689863251015,307.380397543074,307.848793127616,308.222617512706,308.616668004997,309.139685845405,309.948469216921,311.28902454537,313.541058647233,317.365721948473,321.383824671135,323.728423462203,325.073715017998,325.832701499804,326.227537233944,326.388488807734,326.357266880078,326.138517966776,325.66529694831,324.78681550226,300.913235165504,298.3663392275,298.18026504506,298.152307488133,298.150327570594,298.150014071827,298.150004029599,298.150000152468,298.150000021045,298.150000003687,298.150000000194,298.150000000037,298.150000000003,298.15,298.15,298.15
298.15,298.15,298.15,298.15,298.150000000001,298.150000000006,298.150000000046,298.150000000805,298.150000005691,298.150000101603,298.15000047992,298.150005782142,298.150056863451,298.150522914745,298.155011383107,298.195713924161,298.600327129769,303.13166937758,303.318117631585,303.436326535481,303.540816710641,303.625772327024,303.7384310363,303.880861546827,304.119114248737,304.494212329126,305.143070885799,306.241469863703,307.312071901892,307.9627279866,308.394840545083,308.733114784168,309.089675925419,309.564653220473,310.30337242202,311.534488395446,313.641193851313,317.273983025516,321.139349934342,323.34122538986,324.57834347332,325.271215792312,325.622078724028,325.763742393845,325.720413712667,325.505837707344,325.039623962663,324.181242104878,300.43190395536,298.392690734501,298.174229347469,298.152617938036,298.150260563427,298.150021793947,298.150001844115,298.150000120108,298.150000031389,298.150000003188,298.150000000243,298.150000000025,298.150000000003,298.15,298.15,298.15
298.15,298.15,298.15,298.15,298.150000000001,298.150000000006,298.150000000075,298.150000000851,298.150000007851,298.150000103403,298.150000363041,298.150009481282,298.150061895675,298.150821444622,298.155402534732,298.221056856324,298.656479091624,304.404173124146,304.638062066498,304.782383709974,304.903505108916,304.99309705653,305.105221261321,305.236972534084,305.455876938505,305.792280992614,306.374157313108,307.363151963237,308.377210840578,308.965366087305,309.343112277186,309.635566687914,309.935110833383,310.338153617374,310.970901535438,312.038318316223,313.904014813615,317.210596274747,320.728127091929,322.645930221605,323.698593935852,324.285124876713,324.576130268987,324.688204463044,324.631885643811,324.421551255604,323.971615237444,323.143426841992,300.113041580562,298.431575430508,298.170367007058,298.153074948695,298.150217377272,298.150028442736,298.150000509122,298.150000150232,298.150000044278,298.150000002633,298.15000000031,298.150000000019,298.150000000004,298.15,298.15,298.15
298.15,298.15,298.15,298.15,298.150000000001,298.150000000006,298.150000000131,298.150000000899,298.150000013002,298.150000042793,298.150000454299,298.15001258826,298.15007807625,298.151348940135,298.157143942981,298.269097278523,298.785841350581,306.563829128606,306.859292005532,307.059774624167,307.186754914313,307.298157001589,307.394754556127,307.528848106891,307.710395804847,308.013848113982,308.48665190572,309.324958162466,310.168564728443,310.633156332781,310.928929766084,311.157054642188,311.392088036915,311.706300552681,312.19937291682,313.032503639197,314.49157799443,317.242538211456,319.944951283049,321.3463585175,322.126624548325,322.563133229187,322.792418775743,322.855541616396,322.796170872933,322.580024005646,322.169319549694,321.382130475073,299.931784334511,298.450824019019,298.168360626271,298.153311099006,298.150194655824,298.150027608652,298.150000389971,298.150000232916,298.150000022326,298.150000002265,298.150000000317,298.150000000016,298.150000000004,298.15,298.15,298.15
298.15,298.15,298.15,298.15,298.150000000001,298.150000000007,298.150000000095,298.150000000655,298.150000013417,298.150000035103,298.150001441004,298.150016213496,298.150106169314,298.151446880669,298.159704921745,298.283141522733,299.111936435922,310.191662580919,310.703366589275,310.852128532659,311.105821220943,311.126179627089,311.313177436669,311.339567486278,311.588900096067,311.748541129538,312.187507788811,312.616659681273,313.102300778174,313.348735147363,313.544875306622,313.70280712261,313.863960196656,314.072494639144,314.383780909848,314.932062661729,315.740442433883,316.984286175251,318.200435653334,318.897950750905,319.249125707612,319.623662355788,319.687120220687,319.785511698054,319.628337830368,319.502334942508,319.04473367284,318.44037679568,299.809094721259,298.361308977899,298.167412292446,298.152310275726,298.150186740996,298.150018591686,298.150000767292,298.150000268319,298.150000019816,298.150000002844,298.150000000177,298.150000000017,298.150000000002,298.15,298.15,298.15
298.15,298.15,298.15,298.15,298.150000000001,298.150000000012,298.15000000009,298.150000001663,298.15000001196,298.150000105974,298.150001654305,298.150015296213,298.150168362115,298.151577372575,298.165581665968,298.291584767688,299.548945403347,313.984785230452,314.500710991214,314.808379720783,314.984035056409,315.114175493183,315.202334916041,315.301395747831,315.405902820089,315.554645281049,315.724882260743,315.8919010133,316.038733546678,316.16498973657,316.268319648223,316.357366430336,316.444419468171,316.544919377728,316.671516830983,316.825740909774,316.925090627131,316.622467809369,316.366335103534,316.401700337174,316.493948934069,316.570515708889,316.613116285912,316.581208656827,316.49083010119,316.288042302624,315.953908788707,315.359025017141,299.763563424019,298.300531249751,298.167403479085,298.151641400574,298.150191794934,298.150018488039,298.150001517484,298.14999989279,298.149999976188,298.150000000305,298.149999999986,298.150000000012,298.150000000001,298.15,298.15,298.15
298.15,298.15,298.15,298.15,298.15,298.15000000001,298.150000000016,298.150000000884,298.1499999989,298.149999964311,298.150001131278,298.150008534263,298.150236152389,298.151595286468,298.1723599761,298.297728883492,300.154474710222,316.219463911092,316.812371827214,317.15767114527,317.355586679613,317.489935290404,317.573156489794,317.651235202991,317.713615691722,317.787437075408,317.8389450976,317.846501795078,317.842531245183,317.873180775049,317.909962260007,317.941819043981,317.963119382293,317.965909199152,317.928145099626,317.789135087488,317.400964153596,316.471561411138,315.490092497002,315.067565029953,314.896973841185,314.808577122739,314.759186661181,314.683367626193,314.574458224373,314.378978984872,314.071328612485,313.540689983263,299.862666696887,298.273313621403,298.170100336045,298.151422936507,298.150223855287,298.150014197908,298.150002631014,298.150000182556,298.150000009009,298.150000000098,298.149999999969,298.150000000004,298.15,298.15,298.15,298.15
298.15,298.15,298.15,298.15,298.15,298.15,298.149999999974,298.150000000099,298.149999997768,298.149999939634,298.150002245242,298.150004835763,298.150221479652,298.151451317295,298.175988728925,298.297164663031,300.44125158031,317.538319167828,318.185674023467,318.550145685127,318.769752246501,318.90035454213,318.985121344429,319.041129088402,319.080524591569,319.101635824622,319.090492014852,319.018795152618,318.933189376582,318.902564245459,318.890101853676,318.875895778302,318.842975820019,318.768217948718,318.608208147546,318.279184306553,317.620623322124,316.304098671392,315.023769165155,314.338915993557,313.980765370457,313.783691804077,313.66217584774,313.555275254972,313.425740109975,313.239486453424,312.943864952892,312.457330997856,299.878550155113,298.262674280818,298.16957836723,298.151107915954,298.150178392683,298.150009576391,298.150001571874,298.150000079516,298.150000012624,298.149999999089,298.149999999936,298.149999999999,298.15,298.15,298.15,298.15
298.15,298.15,298.15,298.15,298.15,298.149999999997,298.150000000014,298.149999999947,298.15000000116,298.149999982321,298.149999200296,298.149981101187,298.150225410037,298.151353731459,298.169031166825,298.312714634996,300.171224831985,318.310547119794,318.986891070834,319.366332161034,319.59576350811,319.726390997409,319.808230508613,319.851234547515,319.873518490025,319.864966193857,319.815487679473,319.694717586747,319.572929819253,319.50463633303,319.458888600406,319.411453381277,319.338991951697,319.209742558417,318.970569893828,318.526735332749,317.709700293691,316.253774104543,314.75509435972,313.918303220215,313.449125552121,313.179575894473,313.008481186412,312.878114294645,312.736223409557,312.552814146041,312.267301614901,311.804738773901,299.481304817612,298.264475086863,298.163503680801,298.150971904619,298.150051123745,298.150004196528,298.149999864707,298.150000000542,298.150000000409,298.150000000305,298.150000000056,298.150000000003,298.15,298.15,298.15,298.15
298.15,298.15,298.15,298.15,298.15,298.149999999998,298.149999999977,298.150000000126,298.150000002865,298.15000007076,298.150001501459,298.150008474168,298.150040952611,298.151293532119,298.161940659019,298.300768089787,299.76184959966,318.751368335036,319.440434257085,319.827025825732,320.057136565455,320.188429875722,320.264895023663,320.301293842781,320.309416608697,320.284192153056,320.21355345698,320.072831036585,319.923671236712,319.833772870709,319.766444437693,319.695942147971,319.595191005563,319.428057346254,319.136808555908,318.62554179253,317.734173902733,316.15185772211,314.588799075124,313.662973439529,313.125432644599,312.807934552261,312.607544278332,312.460042266342,312.31164591538,312.129228323475,311.854381708014,311.405050371914,299.210974707699,298.274162560892,298.159050276142,298.15099573984,298.150036122785,298.150006506724,298.150000737151,298.150000031023,298.149999998389,298.149999999871,298.149999999983,298.149999999999,298.15,298.15,298.15,298.15
298.15,298.15,298.15,298.15,298.15,298.150000000001,298.15000000002,298.150000000259,298.150000001267,298.149999973209,298.149999604484,298.149995304863,298.150070484709,298.151564762584,298.153876460595,298.30015015925,299.437406549108,318.979672747463,319.669155765928,320.054681514097,320.280466732795,320.410169114783,320.481366823928,320.512339969504,320.511581413924,320.476540643789,320.393742767263,320.235551513537,320.076998619375,319.973146801682,319.892178151694,319.806891864584,319.688823157378,319.499630699012,319.179718211416,318.630713675926,317.688628746933,316.098873454427,314.441974381566,313.471719964919,312.900907382976,312.558083705376,312.340159930002,312.180562536264,312.031039816942,311.850867201307,311.586194298617,311.150099900579,298.948186904925,298.268748835779,298.153238374315,298.151264047274,298.149876957185,298.149997339622,298.149999872416,298.149999994889,298.150000000643,298.150000000128,298.150000000012,298.150000000001,298.15,298.15,298.15,298.15
298.15,298.15,298.15,298.15,298.15,298.149999999998,298.149999999974,298.149999999736,298.150000000587,298.150000051225,298.150000557503,298.150004434352,298.150017589789,298.14980562063,298.148772063725,298.227002817762,299.003193391684,319.058194317228,319.733426108859,320.10829511657,320.325745050929,320.449090211547,320.514217323403,320.540208087246,320.533957915334,320.492478115524,320.402884789708,320.242006691945,320.071946789023,319.96133466846,319.872611989927,319.778424725782,319.649168649733,319.445606791306,319.107450773758,318.53726007385,317.576011045691,315.919284754739,314.283869391215,313.295586517005,312.705800755425,312.349956374394,312.124600397223,311.961820811186,311.814769515517,311.639847377009,311.386615497421,310.961938268017,298.767494389655,298.233321048282,298.148915024381,298.149944184228,298.150037761443,298.150005294912,298.150000338399,298.150000020688,298.150000000099,298.149999999865,298.149999999988,298.15,298.15,298.15,298.15,298.15
298.15,298.15,298.15,298.15,298.15,298.150000000002,298.150000000031,298.150000000248,298.15000000123,298.149999988977,298.149999698792,298.149998016533,298.149997297443,298.150163132219,298.153052033231,298.218820300818,298.569369085012,319.006559089692,319.644409520678,319.99899180557,320.202097161523,320.315109458493,320.373062120052,320.393550420296,320.383071203751,320.338122120849,320.245258507175,320.077032695575,319.908178405213,319.793553790469,319.701011291406,319.602668423912,319.469141707256,319.260993893779,318.917479715232,318.339430592958,317.359197373011,315.719497410647,314.059174676915,313.075528864307,312.488158289444,312.131397106168,311.904477468829,311.743005893822,311.600728222076,311.435643252706,311.198315977637,310.799289636463,298.467812246592,298.21566826597,298.153647018826,298.150130306536,298.14999495137,298.149999079546,298.149999857471,298.149999994777,298.150000000549,298.150000000104,298.150000000012,298.150000000001,298.15,298.15,298.15,298.15
298.15,298.15,298.15,298.15,298.15,298.149999999999,298.149999999982,298.149999999799,298.150000000273,298.150000023389,298.150000135883,298.150000909696,298.150006117631,298.149994012307,298.149182916607,298.132795014926,298.13808495119,318.777244879684,319.368530562062,319.692214932493,319.872175994654,319.969267916547,320.018592370837,320.032392510518,320.01936016892,319.972160950716,319.877514045432,319.714599793461,319.542032841128,319.428517703626,319.335562576871,319.237068977232,319.103307008864,318.893198490255,318.549253513579,317.9736072809,317.009326885355,315.339256747888,313.736740559157,312.769997031452,312.188807845829,311.836798498197,311.614764517748,311.460027045514,311.327842679423,311.179131586421,310.96565997488,310.605640843655,298.129661404257,298.139571223831,298.149629428667,298.150041426979,298.150007639385,298.150000573745,298.150000071832,298.150000011407,298.150000000094,298.149999999909,298.149999999992,298.15,298.15,298.15,298.15,298.15
298.15,298.15,298.15,298.15,298.15,298.150000000002,298.150000000015,298.150000000084,298.150000000214,298.149999998628,298.149999937934,298.149999167852,298.150001894428,298.1501032125,298.150676102384,298.154855072898,298.224263178449,318.11393498501,318.789909529607,319.070760467084,319.206721674998,319.280542191876,319.323677155252,319.337322841464,319.322807837701,319.274186113052,319.1767706103,319.014069660332,318.840905329163,318.737904919502,318.652645704605,318.559498714603,318.430635760023,318.227366562815,317.890704060347,317.330078072811,316.37570167555,314.7803327289,313.20963623338,312.279454009868,311.722373083828,311.380969864876,311.165461352511,311.015933704511,310.89587613726,310.779119952675,310.605485790826,310.153185758844,298.202734721131,298.153976420026,298.150476762518,298.150074282525,298.150000983482,298.149999457354,298.149999963998,298.149999999137,298.150000000142,298.150000000042,298.150000000007,298.150000000001,298.15,298.15,298.15,298.15
298.15,298.15,298.15,298.15,298.15,298.15,298.149999999996,298.14999999996,298.150000000036,298.150000006522,298.150000050729,298.150000229514,298.150000307446,298.149994905823,298.149940240521,298.149618670702,298.151490234724,298.190285444232,298.116338554739,298.460467086914,298.876525550585,299.385689987327,299.806545010489,300.278572433283,300.650710539991,300.420907517891,299.342927328021,299.895832426567,299.732046505682,299.752138158374,299.978473587102,300.274291637324,300.704159729706,300.255235904296,299.88330354484,299.645133299433,299.548154526701,299.499696972787,299.56841355626,299.706452890535,299.797787344466,299.451207577277,299.255815284873,299.039544356116,298.819919851687,298.4274031271,298.116878055488,298.175786208874,298.14736943039,298.149819514839,298.149971641551,298.149996943802,298.150000218965,298.150000174177,298.150000031891,298.150000003771,298.15000000003,298.149999999974,298.149999999998,298.15,298.15,298.15,298.15,298.15
298.15,298.15,298.15,298.15,298.15,298.15,298.150000000003,298.150000000023,298.150000000064,298.149999999193,298.149999988345,298.1499999535,298.150000452363,298.15000493998,298.150016567018,298.150011358349,298.149299811534,298.152875402902,298.15165233296,298.206775730654,298.278693181478,298.33192504123,298.349940682917,298.328227964996,298.310405576204,298.29895599487,298.136216703331,298.387924946142,298.427380189131,298.379447000961,298.349572351678,298.312363471546,298.307037724423,298.315161373621,298.335537901063,298.365818420858,298.395651937443,298.324306631942,298.284529817287,298.261550843255,298.255020335524,298.258875237231,298.279262876976,298.271910808224,298.226590541418,298.183689435004,298.151445916198,298.15193699958,298.150075976542,298.15002163111,298.150006160344,298.150001983534,298.150000310451,298.149999975912,298.149999992231,298.149999999445,298.150000000045,298.150000000014,298.150000000002,298.15,298.15,298.15,298.15,298.15
298.15,298.15,298.15,298.15,298.15,298.15,298.149999999999,298.149999999989,298.15000000004,298.150000000963,298.150000004448,298.150000014314,298.150000025134,298.14999967568,298.149994034242,298.150044655245,298.150078152881,298.149800745578,298.152225204876,298.153573233603,298.154115868373,298.158526673666,298.166204602075,298.172922353943,298.177862224966,298.164872955303,298.151247839419,298.171161971691,298.166650819168,298.166951323669,298.170621066262,298.172965114104,298.179442289368,298.173557560683,298.168836088179,298.165560446586,298.165075244024,298.16398647136,298.165434791891,298.168043189749,298.168680234532,298.164357325296,298.160864159907,298.156687670627,298.15455438336,298.153669874212,298.150722803282,298.149993461117,298.150020111593,298.150011655451,298.149999053682,298.149999914832,298.150000003355,298.15000000684,298.150000002485,298.150000000574,298.150000000028,298.149999999993,298.149999999999,298.15,298.15,298.15,298.15,298.15
298.15,298.15,298.15,298.15,298.15,298.15,298.150000000001,298.150000000003,298.150000000005,298.149999999953,298.149999999543,298.14999999908,298.150000027446,298.15000031685,298.150001453979,298.149999258989,298.150001845849,298.150005816166,298.150205300404,298.149667054129,298.15047566968,298.151616150206,298.152174294914,298.152008746511,298.151818845247,298.150942698358,298.1504091429,298.152298305355,298.152933583614,298.152648908264,298.152237954232,298.151705249174,298.151667879291,298.15176722387,298.152093145128,298.152388383003,298.152681798139,298.151899777629,298.151470471492,298.151216810518,298.151109332829,298.151235369547,298.151277797498,298.151239891068,298.150742328656,298.150323047513,298.150021398234,298.150012416911,298.149996491392,298.149999190252,298.150000232415,298.150000063782,298.150000016223,298.149999999442,298.149999999654,298.149999999971,298.150000000003,298.150000000001,298.15,298.15,298.15,298.15,298.15,298.15
298.15,298.15,298.15,298.15,298.15,298.15,298.15,298.15,298.150000000004,298.15000000005,298.150000000163,298.150000000321,298.150000001283,298.150000016657,298.14999998254,298.150001470906,298.149999746645,298.149999191333,298.150008142291,298.149974636863,298.150079688256,298.150111989091,298.150176510261,298.150253262051,298.150307710524,298.150154186097,298.150070065658,298.150193838559,298.150177084024,298.150189234228,298.150230860757,298.150252562156,298.150326733136,298.150258478129,298.150211733926,298.15017086971,298.150153686058,298.150150567784,298.150169919919,298.150202541779,298.150205670268,298.150139555919,298.150116750987,298.150093849167,298.150080360994,298.150036302727,298.150031088396,298.149997820935,298.150000589787,298.150000168257,298.150000034892,298.149999994954,298.14999999969,298.150000000294,298.150000000107,298.149999999994,298.150000000001,298.15,298.15,298.15,298.15,298.15,298.15,298.15
298.15,298.15,298.15,298.15,298.15,298.15,298.15,298.15,298.15,298.149999999998,298.149999999999,298.150000000068,298.149999999883,298.150000000288,298.150000002608,298.149999896512,298.150000302163,298.150000077549,298.150000366899,298.149999887213,298.150004942843,298.150022397892,298.150025322252,298.150020020518,298.150019672191,298.150010261787,298.150008140149,298.150022705602,298.150031752501,298.150029573308,298.150023828479,298.150019081716,298.150018597931,298.150018677938,298.150022822436,298.150026806475,298.150027494504,298.150017184902,298.150010726585,298.150010565783,298.150014974229,298.150012553412,298.150014587693,298.150010640199,298.150003077581,298.150000500521,298.150000457962,298.150000082389,298.150000002098,298.150000017023,298.150000003912,298.150000001585,298.15000000076,298.149999999938,298.149999999987,298.150000000001,298.150000000001,298.15,298.15,298.15,298.15,298.15,298.15,298.15
298.15,298.15,298.15,298.15,298.15,298.15,298.15,298.15,298.15,298.150000000001,298.15,298.15,298.150000000022,298.150000000344,298.149999998557,298.149999999403,298.150000002121,298.149999985382,298.150000008612,298.150000123909,298.150000623281,298.150000635007,298.150000740012,298.150001728454,298.150002913594,298.150001379821,298.150000569489,298.150000968464,298.150001057582,298.150001337343,298.150001904625,298.150002649694,298.15000214238,298.150001459435,298.15000101124,298.150001484033,298.150001819211,298.150001602912,298.150001483532,298.150001218388,298.15000174239,298.150001402844,298.150000753643,298.150000210405,298.149999914151,298.149999921862,298.150000018501,298.14999998189,298.150000011385,298.150000002842,298.150000000461,298.150000000031,298.149999999998,298.150000000007,298.150000000004,298.15,298.15,298.15,298.15,298.15,298.15,298.15,298.15,298.15
298.15,298.15,298.15,298.15,298.15,298.15,298.15,298.15,298.15,298.15,298.15,298.149999999999,298.149999999993,298.149999999999,298.150000000209,298.150000000303,298.149999999909,298.150000000898,298.150000002158,298.150000023001,298.14999992716,298.149999773019,298.149999955293,298.150000110846,298.150000171459,298.150000176582,298.150000136838,298.150000196489,298.150000159042,298.150000093572,298.150000075708,298.150000067894,298.150000043799,298.150000024006,298.150000084344,298.150000094815,298.150000154724,298.150000088243,298.150000067142,298.150000078553,298.150000098998,298.150000181095,298.150000153183,298.150000009867,298.149999991668,298.149999991602,298.150000004421,298.149999999759,298.150000000138,298.150000000097,298.150000000041,298.150000000012,298.150000000006,298.149999999997,298.15,298.15,298.15,298.15,298.15,298.15,298.15,298.15,298.15,298.15
298.15,298.15,298.15,298.15,298.15,298.15,298.15,298.15,298.15,298.15,298.15,298.15,298.149999999999,298.150000000006,298.149999999991,298.150000000021,298.150000000025,298.149999999973,298.149999999613,298.149999999985,298.150000002594,298.149999991555,298.150000001713,298.150000020428,298.150000024689,298.150000018766,298.150000008581,298.150000007756,298.150000020403,298.150000028116,298.150000030218,298.150000023021,298.150000008128,298.149999993737,298.149999991618,298.149999997241,298.150000005066,298.150000019591,298.150000011569,298.150000013881,298.150000007014,298.15000000626,298.150000009254,298.150000003005,298.15000000005,298.14999999963,298.15000000039,298.149999999965,298.149999999979,298.150000000004,298.150000000008,298.15,298.15,298.15,298.15,298.15,298.15,298.15,298.15,298.15,298.15,298.15,298.15,298.15
298.15,298.15,298.15,298.15,298.15,298.15,298.15,298.15,298.15,298.15,298.15,298.15,298.15,298.15,298.15,298.149999999998,298.149999999999,298.15000000001,298.150000000058,298.149999999989,298.149999999627,298.15000000014,298.149999999475,298.149999999519,298.150000001757,298.150000001999,298.150000001219,298.150000000774,298.150000001127,298.150000001466,298.150000001236,298.15000000134,298.150000002554,298.150000002081,298.150000000556,298.150000000189,298.150000000053,298.15000000058,298.150000001042,298.150000001185,298.150000001168,298.150000000495,298.150000000752,298.150000000286,298.149999999938,298.149999999998,298.149999999995,298.150000000004,298.15,298.150000000001,298.15,298.15,298.15,298.15,298.15,298.15,298.15,298.15,298.15,298.15,298.15,298.15,298.15,298.15
298.15,298.15,298.15,298.15,298.15,298.15,298.15,298.15,298.15,298.15,298.15,298.15,298.15,298.15,298.15,298.15,298.15,298.149999999999,298.149999999999,298.15000000001,298.15000000001,298.149999999997,298.150000000028,298.150000000081,298.150000000155,298.150000000105,298.15000000011,298.150000000164,298.150000000246,298.150000000357,298.150000000314,298.150000000137,298.150000000063,298.150000000068,298.150000000079,298.150000000135,298.150000000209,298.150000000152,298.150000000085,298.150000000053,298.150000000034,298.150000000039,298.150000000073,298.150000000057,298.150000000008,298.15,298.15,298.15,298.15,298.15,298.15,298.15,298.15,298.15,298.15,298.15,298.15,298.15,298.15,298.15,298.15,298.15,298.15,298.15
298.15,298.15,298.15,298.15,298.15,298.15,298.15,298.15,298.15,298.15,298.15,298.15,298.15,298.15,298.15,298.15,298.15,298.15,298.150000000001,298.150000000001,298.150000000001,298.149999999999,298.15,298.150000000007,298.150000000021,298.150000000015,298.15000000001,298.150000000008,298.150000000008,298.150000000013,298.150000000018,298.150000000022,298.150000000031,298.150000000018,298.150000000012,298.150000000009,298.150000000009,298.150000000011,298.150000000013,298.150000000016,298.150000000021,298.150000000012,298.150000000005,298.150000000001,298.15,298.15,298.15,298.15,298.15,298.15,298.15,298.15,298.15,298.15,298.15,298.15,298.15,298.15,298.15,298.15,298.15,298.15,298.15,298.15
298.15,298.15,298.15,298.15,298.15,298.15,298.15,298.15,298.15,298.15,298.15,298.15,298.15,298.15,298.15,298.15,298.15,298.15,298.15,298.15,298.15,298.15,298.15,298.150000000001,298.150000000001,298.150000000001,298.150000000001,298.150000000002,298.150000000003,298.150000000003,298.150000000002,298.150000000002,298.150000000001,298.150000000001,298.150000000002,298.150000000002,298.150000000003,298.150000000002,298.150000000001,298.150000000001,298.150000000001,298.150000000001,298.150000000001,298.150000000001,298.15,298.15,298.15,298.15,298.15,298.15,298.15,298.15,298.15,298.15,298.15,298.15,298.15,298.15,298.15,298.15,298.15,298.15,298.15,298.15
298.15,298.15,298.15,298.15,298.15,298.15,298.15,298.15,298.15,298.15,298.15,298.15,298.15,298.15,298.15,298.15,298.15,298.15,298.15,298.15,298.15,298.15,298.15,298.15,298.15,298.15,298.15,298.15,298.15,298.15,298.15,298.15,298.15,298.15,298.15,298.15,298.15,298.15,298.15,298.15,298.15,298.15,298.15,298.15,298.15,298.15,298.15,298.15,298.15,298.15,298.15,298.15,298.15,298.15,298.15,298.15,298.15,298.15,298.15,298.15,298.15,298.15,298.15,298.15
298.15,298.15,298.15,298.15,298.15,298.15,298.15,298.15,298.15,298.15,298.15,298.15,298.15,298.15,298.15,298.15,298.15,298.15,298.15,298.15,298.15,298.15,298.15,298.15,298.15,298.15,298.15,298.15,298.15,298.15,298.15,298.15,298.15,298.15,298.15,298.15,298.15,298.15,298.15,298.15,298.15,298.15,298.15,298.15,298.15,298.15,298.15,298.15,298.15,298.15,298.15,298.15,298.15,298.15,298.15,298.15,298.15,298.15,298.15,298.15,298.15,298.15,298.15,298.15
298.15,298.15,298.15,298.15,298.15,298.15,298.15,298.15,298.15,298.15,298.15,298.15,298.15,298.15,298.15,298.15,298.15,298.15,298.15,298.15,298.15,298.15,298.15,298.15,298.15,298.15,298.15,298.15,298.15,298.15,298.15,298.15,298.15,298.15,298.15,298.15,298.15,298.15,298.15,298.15,298.15,298.15,298.15,298.15,298.15,298.15,298.15,298.15,298.15,298.15,298.15,298.15,298.15,298.15,298.15,298.15,298.15,298.15,298.15,298.15,298.15,298.15,298.15,298.15
